{"RMSE": 99.58557909560302, "MSE": 9917.287563806605, "R Squared": 0.42537640247979236}