{"RMSE": 107.21307537269773, "MSE": 11494.643530871765, "R Squared": 0.2178086085535651}