{"RMSE": 105.06957178850621, "MSE": 11039.614915820059, "R Squared": 0.24107441828923193}