{"RMSE": 99.08622466275865, "MAE": 59.31131382990514, "r2": 0.21592911248628155}