{"RMSE": 97.0339718358944, "MSE": 9415.591690249148, "R Squared": 0.3527189621049748}