{"RMSE": 100.73191941005174, "MSE": 10146.919588033159, "R Squared": 0.4120711535376853}