{"RMSE_loss": {"train": 121.32007598876953, "test": 105.17997741699219, "valid": 84.7987289428711}, "R_Squared": {"train": 0.11961162455007712, "test": 0.24091870108908098, "valid": 0.6809882342396107}, "training_time": 0.6250195503234863, "inference_latency": 0.0}