{"RMSE": 112.05728658921767, "MSE": 12556.835477738063, "R Squared": 0.12037318072283754}