{"RMSE": 104.06082077102499, "MSE": 10828.654419539387, "R Squared": 0.2631280608951845}