{"RMSE": 117.94129680966358, "MAE": 60.08040322580645, "r2": 0.23409353746599582}