{"RMSE": 99.57436407351624, "MAE": 61.86467741935484, "r2": 0.20818477346445374}