{"RMSE": 102.7767356438794, "MSE": 10563.057389611871, "R Squared": 0.3879594597838414}