{"RMSE": 95.29547394788831, "MSE": 9081.22735495266, "R Squared": 0.3757050580515444}