{"RMSE": 109.99423019961512, "MSE": 12098.730677205922, "R Squared": 0.1524641696747988}