{"Accuracy": 0.3605769230769231, "Precison": 0.3713123854291252, "Recall": 0.3605769230769231, "f1": 0.36586591956556797}