{"Accuracy": 0.3795180722891566, "Precison": 0.3738087056655447, "Recall": 0.3795180722891566, "f1": 0.3766417537002062}