{"RMSE": 111.59712925097368, "MSE": 12453.919257058526, "R Squared": 0.12758262995141634}