{"Accuracy": 0.3373493975903614, "Precison": 0.42144769554408107, "Recall": 0.3373493975903614, "f1": 0.3747381941602969}