{"Accuracy": 0.3433734939759036, "Precison": 0.3241475654529493, "Recall": 0.3433734939759036, "f1": 0.33348365730542257}