{"Accuracy": 0.35096153846153844, "Precison": 0.34162863521416154, "Recall": 0.35096153846153844, "f1": 0.34623220471337324}