{"RMSE": 110.54236419601578, "MSE": 12219.614282044591, "R Squared": 0.15995458646004646}