{"RMSE": 119.53633045865547, "MAE": 75.05167050691246, "r2": -0.5393471977543245}