{"RMSE": 111.33773612860783, "MSE": 12396.091486243504, "R Squared": 0.1564665731407201}