{"RMSE": 103.03539191282461, "MAE": 68.38957380629024, "r2": 0.15218397592491417}