{"Accuracy": 0.3125, "Precison": 0.3134875352111377, "Recall": 0.3125, "f1": 0.3129929886557189}