{"Accuracy": 0.3253012048192771, "Precison": 0.321216837553925, "Recall": 0.3253012048192771, "f1": 0.32324611972456524}