{"RMSE": 103.97091825908088, "MSE": 10809.951843636478, "R Squared": 0.24274523038744833}