{"Accuracy": 0.35542168674698793, "Precison": 0.3435757398202925, "Recall": 0.35542168674698793, "f1": 0.349398336334272}